{"cameraMode":{"drawMode":0,"name":"Shaded","section":"Shading Mode"},"sceneLighting":true,"audioPlay":false,"sceneViewState":{"showFog":true,"showMaterialUpdate":false,"showSkybox":true,"showFlares":true,"showImageEffects":true,"showParticleSystems":true},"in2DMode":false,"pivot":{"x":0.04999971389770508,"y":1.4500000476837159,"z":3.249999761581421},"rotation":{"x":-0.010421541519463063,"y":0.9622563719749451,"z":-0.26942363381385805,"w":-0.037244006991386417},"size":9.187219619750977,"orthographic":false}