{"cameraMode":{"drawMode":0,"name":"Shaded","section":"Shading Mode"},"sceneLighting":false,"audioPlay":false,"sceneViewState":{"showFog":true,"showMaterialUpdate":false,"showSkybox":false,"showFlares":true,"showImageEffects":true,"showParticleSystems":true},"in2DMode":false,"pivot":{"x":-0.03799999877810478,"y":-0.27399998903274538,"z":0.006999999284744263},"rotation":{"x":-0.08782992511987686,"y":-0.43503910303115847,"z":0.042687397450208667,"w":-0.8951013088226318},"size":0.17555969953536988,"orthographic":false}