{"cameraMode":{"drawMode":0,"name":"Shaded","section":"Shading Mode"},"sceneLighting":true,"audioPlay":false,"sceneViewState":{"showFog":true,"showMaterialUpdate":false,"showSkybox":true,"showFlares":true,"showImageEffects":true,"showParticleSystems":true},"in2DMode":false,"pivot":{"x":-1.3327529430389405,"y":1.6691251993179322,"z":3.9736173152923586},"rotation":{"x":0.0812915712594986,"y":0.8359091281890869,"z":-0.12891703844070435,"w":0.5273378491401672},"size":1.0641534328460694,"orthographic":false}