{"cameraMode":{"drawMode":0,"name":"Shaded","section":"Shading Mode"},"sceneLighting":true,"audioPlay":false,"sceneViewState":{"showFog":true,"showMaterialUpdate":false,"showSkybox":true,"showFlares":true,"showImageEffects":true,"showParticleSystems":true},"in2DMode":false,"pivot":{"x":84.27590942382813,"y":16.926998138427736,"z":14.677288055419922},"rotation":{"x":0.09316282719373703,"y":0.7526013255119324,"z":-0.1091553270816803,"w":0.6427057385444641},"size":108.39476776123047,"orthographic":false}